<?xml version="1.0" encoding="UTF-8"?>
<config>
    <params donateFactor="10" joinMinLevel="3"/>
    <newClan>
        <price gold="100"/>
        <condition minPlayerLevel="30"/>
    </newClan>

    <levels>
        <level id="1" masterCount="1" memberCount="3" color="0x264157">
            <upgradeConditions />
            <dailyGifts>
                <gift id="1" itemId="gold" itemType="resource" count="5"/>
                <gift id="2" itemId="floorVaseBlue" itemType="furniture" count="5"/>
            </dailyGifts>
            <awards>
                <award id="newMembers" description="#newMembersAwardDescription" count="10"/>
                <award id="clanLocation" description="#clanLocationAwardDescription"/>
                <award id="newOfficers" description="#newOfficersAwardDescription" count="2"/>
                <!--<award id="newOfficers" description="#newOfficersAwardDescription" count="2"/>-->
            </awards>
        </level>

        <level id="2" masterCount="2" memberCount="5" color="0xa0111e">
            <upgradeConditions minMemberCount="1" minActivityPoints="500" clanCoin="1000"/>
            <dailyGifts>
                <gift id="1" itemId="gold" itemType="resource" count="10"/>
                <gift id="2" itemId="floorVaseRed" itemType="furniture" count="10"/>
            </dailyGifts>
            <awards>
                <award id="newMembers" description="#newMembersAwardDescription" count="10"/>
                <award id="clanEvent" description="#clanEventAwardDescription"/>
                <award id="newOfficers" description="#newOfficersAwardDescription" count="2"/>
                <award id="newOfficers" description="#newOfficersAwardDescription" count="2"/>
            </awards>
        </level>
        <level id="3" masterCount="3" memberCount="10" color="0x046639">
            <upgradeConditions minMemberCount="2" minActivityPoints="500" clanCoin="1000"/>
            <dailyGifts>
                <gift id="1" itemId="gold" itemType="resource" count="10"/>
                <gift id="2" itemId="floorVaseRed" itemType="furniture" count="10"/>
            </dailyGifts>
            <awards>
                <award id="newMembers" description="#newMembersAwardDescription" count="10"/>
                <award id="clanEvent" description="#clanEventAwardDescription"/>
                <award id="newOfficers" description="#newOfficersAwardDescription" count="2"/>
            </awards>
        </level>
        <level id="4" masterCount="3" memberCount="10" color="0xc75000">
            <upgradeConditions minMemberCount="2" minActivityPoints="500" clanCoin="1000"/>
            <dailyGifts>
            </dailyGifts>
            <awards>
            </awards>
        </level>
        <level id="5" masterCount="3" memberCount="10" color="0x6a3474">
            <upgradeConditions minMemberCount="2" minActivityPoints="500" clanCoin="1000"/>
            <dailyGifts>
            </dailyGifts>
            <awards>
            </awards>
        </level>
        <level id="6" masterCount="3" memberCount="10" color="0xefb60a">
            <upgradeConditions minMemberCount="2" minActivityPoints="500" clanCoin="1000"/>
            <dailyGifts>
            </dailyGifts>
            <awards>
            </awards>
        </level>
        <level id="7" masterCount="3" memberCount="10" color="0xbadb1e">
            <upgradeConditions minMemberCount="2" minActivityPoints="500" clanCoin="1000"/>
            <dailyGifts>
            </dailyGifts>
            <awards>
            </awards>
        </level>
        <level id="8" masterCount="3" memberCount="10" color="0xbf318b">
            <upgradeConditions minMemberCount="2" minActivityPoints="500" clanCoin="1000"/>
            <dailyGifts>
            </dailyGifts>
            <awards>
            </awards>
        </level>
    </levels>

    <rating taskPeriod="30" competitionPeriod="604800" maxCountTopClans="10">
        <awards place="1">
            <award itemId="clanRating1" itemType="trophy" count="604800"/>
            <award itemId="gold" itemType="resource" count="10"/>
        </awards>

        <awards place="2">
            <award itemId="clanRating2" itemType="trophy" count="604800"/>
            <award itemId="gold" itemType="resource" count="8"/>
        </awards>

        <awards place="3">
            <award itemId="clanRating3" itemType="trophy" count="604800"/>
            <award itemId="gold" itemType="resource" count="5"/>
        </awards>
    </rating>

    <!--<award id="newMembers" description="#newMembersAwardDescription"/>-->
    <!--<award id="clanEvent" description="#clanEventAwardDescription"/>-->
    <!--<award id="clanLocation" description="#clanLocationAwardDescription"/>-->
    <!--<award id="clothesShop" description="#clothesShopAwardDescription"/>-->
    <!--<award id="furnitureShop" description="#furnitureShopAwardDescription"/>-->
    <!--<award id="makeupShop" description="#makeupShopAwardDescription"/>-->
    <!--<award id="newClothes" description="#newClothesAwardDescription"/>-->
    <!--<award id="newFurniture" description="#newFurnitureAwardDescription"/>-->
    <!--<award id="newMakeup" description="#newMakeupAwardDescription"/>-->
    <!--<award id="newOfficers" description="#newOfficersAwardDescription"/>-->
    <!--<award id="newPets" description="#newPetsAwardDescription"/>-->
    <!--<award id="newRoom" description="#newRoomAwardDescription"/>-->
    <!--<award id="petShop" description="#petShopAwardDescription"/>-->

    <icons>
        <icon id="1"/>
        <icon id="2"/>
        <icon id="3"/>
        <icon id="4"/>
        <icon id="5"/>
        <icon id="6"/>
        <icon id="7"/>
        <icon id="8"/>
        <icon id="9"/>
        <icon id="10"/>
        <icon id="11"/>
        <icon id="12"/>
        <icon id="13"/>
        <icon id="14"/>
        <icon id="15"/>
        <icon id="16"/>
        <icon id="17"/>
        <icon id="18"/>
        <icon id="19"/>
        <icon id="20"/>
        <icon id="21"/>
        <icon id="22"/>
        <icon id="23"/>
        <icon id="24"/>
        <icon id="25"/>
        <icon id="26"/>
        <icon id="27"/>
        <icon id="28"/>
        <icon id="29"/>
        <icon id="30"/>
        <icon id="31"/>
        <icon id="32"/>
        <icon id="33"/>
        <icon id="34"/>
        <icon id="35"/>
    </icons>
</config>