<?xml version="1.0" encoding="UTF-8"?>
<config>
    <set index="1" defaultColor="0x6bedc5">
        <color name="1" value="0xb9ffec"/>
        <color name="2" value="0x8ff9db"/>
        <color name="3" value="0x6bedc5"/>
        <color name="4" value="0x44d8ae"/>
        <color name="5" value="0x29b287"/>
        <color name="6" value="0x118e68"/>
    </set>
    <set index="2" defaultColor="0xff89aa">
        <color name="1" value="0xffcbda"/>
        <color name="2" value="0xffa8c8"/>
        <color name="3" value="0xff89aa"/>
        <color name="4" value="0xfb6e93"/>
        <color name="5" value="0xef457a"/>
        <color name="6" value="0xcc3262"/>
    </set>
    <set index="3" defaultColor="0xea3385">
        <color name="1" value="0xff8fba"/>
        <color name="2" value="0xff57a1"/>
        <color name="3" value="0xea3385"/>
        <color name="4" value="0xcc1e6c"/>
        <color name="5" value="0xa51046"/>
        <color name="6" value="0x7b0530"/>
    </set>
    <set index="4" defaultColor="0xd61416">
        <color name="1" value="0xff3433"/>
        <color name="2" value="0xff1914"/>
        <color name="3" value="0xd61416"/>
        <color name="4" value="0xa6010f"/>
        <color name="5" value="0x8d0215"/>
        <color name="6" value="0x620013"/>
    </set>
    <set index="5" defaultColor="0xf96948">
        <color name="1" value="0xfcae60"/>
        <color name="2" value="0xfc8754"/>
        <color name="3" value="0xf96948"/>
        <color name="4" value="0xf93a30"/>
        <color name="5" value="0xd13420"/>
        <color name="6" value="0x931100"/>
    </set>
    <set index="6" defaultColor="0xffc715">
        <color name="1" value="0xffec9c"/>
        <color name="2" value="0xffdc48"/>
        <color name="3" value="0xffc715"/>
        <color name="4" value="0xefa91d"/>
        <color name="5" value="0xd49300"/>
        <color name="6" value="0xba6e00"/>
    </set>
    <set index="7" defaultColor="0xc6d337">
        <color name="1" value="0xf7ffa6"/>
        <color name="2" value="0xe9f649"/>
        <color name="3" value="0xc6d337"/>
        <color name="4" value="0xabba0d"/>
        <color name="5" value="0x8b9f08"/>
        <color name="6" value="0x6d7e0d"/>
    </set>
    <set index="8" defaultColor="0x7dd041">
        <color name="1" value="0xcfff7b"/>
        <color name="2" value="0xb9ef59"/>
        <color name="3" value="0x7dd041"/>
        <color name="4" value="0x58a81f"/>
        <color name="5" value="0x3d8708"/>
        <color name="6" value="0x0e5906"/>
    </set>
    <set index="9" defaultColor="0x16b77a">
        <color name="1" value="0x4bffba"/>
        <color name="2" value="0x28d795"/>
        <color name="3" value="0x16b77a"/>
        <color name="4" value="0x098c63"/>
        <color name="5" value="0x037350"/>
        <color name="6" value="0x00543d"/>
    </set>
    <set index="10" defaultColor="0x1abeda">
        <color name="1" value="0x7df6ff"/>
        <color name="2" value="0x4fe5ff"/>
        <color name="3" value="0x1abeda"/>
        <color name="4" value="0x0f99b0"/>
        <color name="5" value="0x06788f"/>
        <color name="6" value="0x054d59"/>
    </set>
    <set index="11" defaultColor="0x346db2">
        <color name="1" value="0x83c1ff"/>
        <color name="2" value="0x4c8fe0"/>
        <color name="3" value="0x346db2"/>
        <color name="4" value="0x00468c"/>
        <color name="5" value="0x002f76"/>
        <color name="6" value="0x001e4b"/>
    </set>
    <set index="12" defaultColor="0x372fd8">
        <color name="1" value="0x8080ff"/>
        <color name="2" value="0x5757f7"/>
        <color name="3" value="0x372fd8"/>
        <color name="4" value="0x1e14a5"/>
        <color name="5" value="0x0e0673"/>
        <color name="6" value="0x040044"/>
    </set>
    <set index="13" defaultColor="0x7344db">
        <color name="1" value="0xb086ff"/>
        <color name="2" value="0x9160ff"/>
        <color name="3" value="0x7344db"/>
        <color name="4" value="0x592cbe"/>
        <color name="5" value="0x3e11a0"/>
        <color name="6" value="0x2a0776"/>
    </set>
    <set index="14" defaultColor="0x872b91">
        <color name="1" value="0xde51f2"/>
        <color name="2" value="0xaf3abf"/>
        <color name="3" value="0x872b91"/>
        <color name="4" value="0x64146c"/>
        <color name="5" value="0x4c0e53"/>
        <color name="6" value="0x3e0844"/>
    </set>
    <set index="15" defaultColor="0xe5daa4">
        <color name="1" value="0xfff8d9"/>
        <color name="2" value="0xf9efbe"/>
        <color name="3" value="0xe5daa4"/>
        <color name="4" value="0xd7ca88"/>
        <color name="5" value="0xbfad62"/>
        <color name="6" value="0xaa9348"/>
    </set>
    <set index="16" defaultColor="0x404040">
        <color name="1" value="0x7f7f7f"/>
        <color name="2" value="0x515151"/>
        <color name="3" value="0x404040"/>
        <color name="4" value="0x363636"/>
        <color name="5" value="0x262626"/>
        <color name="6" value="0x000000"/>
    </set>
    <set index="17" defaultColor="0xd3d3d3">
        <color name="1" value="0xf6f6f6"/>
        <color name="2" value="0xe7e7e7"/>
        <color name="3" value="0xd3d3d3"/>
        <color name="4" value="0xaaafb2"/>
        <color name="5" value="0x92999e"/>
        <color name="6" value="0x767a7c"/>
    </set>
    <set index="18" defaultColor="0x60351a">
        <color name="1" value="0xa25a11"/>
        <color name="2" value="0x884b18"/>
        <color name="3" value="0x60351a"/>
        <color name="4" value="0x49220a"/>
        <color name="5" value="0x2f0f00"/>
        <color name="6" value="0x220a00"/>
    </set>
    <set index="19" defaultColor="0xaa809a">
        <color name="1" value="0xd8b6cc"/>
        <color name="2" value="0xcc9fbc"/>
        <color name="3" value="0xaa809a"/>
        <color name="4" value="0x89617b"/>
        <color name="5" value="0x6c475e"/>
        <color name="6" value="0x4d2d41"/>
    </set>
    <set index="20" defaultColor="0x857093">
        <color name="1" value="0xd1c4d7"/>
        <color name="2" value="0xb6a4bf"/>
        <color name="3" value="0x857093"/>
        <color name="4" value="0x705b7b"/>
        <color name="5" value="0x564061"/>
        <color name="6" value="0x41294e"/>
    </set>
</config>